,SKU,WeekStart,Actual_WareHouseQuantity,Predicted_WareHouseQuantity,Difference_Between_Predicted_And_Actual,Percent_Difference,Minus_10_Percent,Plus_10_Percent,Within_10_Percent
0,10AD01FNA02,2025-06-30,14,16,-2,-14.29,12,16,Acceptable
1,10AD01FNA02,2025-07-07,9,13,-4,-44.44,8,10,Out_of_Range
2,10AD01FNA02,2025-07-14,11,11,0,0.0,9,13,Acceptable
3,10AD01FNB02,2025-06-30,23,12,11,47.83,20,26,Out_of_Range
4,10AD01FNB02,2025-07-07,12,12,0,0.0,10,14,Acceptable
5,10AD01FNB02,2025-07-14,13,11,2,15.38,11,15,Acceptable
6,10AD01FNC02,2025-06-30,15,22,-7,-46.67,13,17,Out_of_Range
7,10AD01FNC02,2025-07-07,13,18,-5,-38.46,11,15,Out_of_Range
8,10AD01FNC02,2025-07-14,9,11,-2,-22.22,8,10,Out_of_Range
9,10AD01FND02,2025-06-30,6,5,1,16.67,5,7,Acceptable
10,10AD01FND02,2025-07-07,2,3,-1,-50.0,1,3,Acceptable
11,10AD01FND02,2025-07-14,3,3,0,0.0,2,4,Acceptable
12,10AD01FNE02,2025-06-30,8,8,0,0.0,7,9,Acceptable
13,10AD01FNE02,2025-07-07,4,6,-2,-50.0,3,5,Out_of_Range
14,10AD01FNE02,2025-07-14,5,6,-1,-20.0,4,6,Acceptable
15,10AD01FNF02,2025-06-30,6,7,-1,-16.67,5,7,Acceptable
16,10AD01FNF02,2025-07-07,6,6,0,0.0,5,7,Acceptable
17,10AD01FNF02,2025-07-14,3,4,-1,-33.33,2,4,Acceptable
18,10AD01PC01,2025-06-16,2,1,1,50.0,1,3,Acceptable
19,10AD01PC01,2025-06-23,1,1,0,0.0,0,2,Acceptable
20,10AD01PC01,2025-06-30,1,2,-1,-100.0,0,2,Acceptable
21,10AD01TF01,2025-06-30,347,356,-9,-2.59,312,382,Acceptable
22,10AD01TF01,2025-07-07,260,335,-75,-28.85,234,286,Out_of_Range
23,10AD01TF01,2025-07-14,154,357,-203,-131.82,138,170,Out_of_Range
24,10AD02CMPK1,2025-06-30,704,431,273,38.78,633,775,Out_of_Range
25,10AD02CMPK1,2025-07-07,687,372,315,45.85,618,756,Out_of_Range
26,10AD02CMPK1,2025-07-14,439,384,55,12.53,395,483,Out_of_Range
27,10AD200CMPK1,2025-06-30,450,462,-12,-2.67,405,496,Acceptable
28,10AD200CMPK1,2025-07-07,385,421,-36,-9.35,346,424,Acceptable
29,10AD200CMPK1,2025-07-14,230,432,-202,-87.83,207,254,Out_of_Range
30,10AD200CV01,2025-06-23,0,0,0,,0,0,Acceptable
31,10AD200CV01,2025-06-30,0,0,0,,0,0,Acceptable
32,10AD200CV01,2025-07-07,1,1,0,0.0,0,2,Acceptable
33,10AD200GRF01,2025-06-30,103,99,4,3.88,92,114,Acceptable
34,10AD200GRF01,2025-07-07,88,79,9,10.23,79,97,Acceptable
35,10AD200GRF01,2025-07-14,53,67,-14,-26.42,47,59,Out_of_Range
36,10AD200HRF01,2025-06-30,84,61,23,27.38,75,93,Out_of_Range
37,10AD200HRF01,2025-07-07,50,54,-4,-8.0,45,56,Acceptable
38,10AD200HRF01,2025-07-14,41,58,-17,-41.46,36,46,Out_of_Range
39,10AD200PRF03,2025-06-30,56,45,11,19.64,50,62,Out_of_Range
40,10AD200PRF03,2025-07-07,39,40,-1,-2.56,35,43,Acceptable
41,10AD200PRF03,2025-07-14,19,39,-20,-105.26,17,21,Out_of_Range
42,10AD250GRF01,2025-06-23,5,5,0,0.0,4,6,Acceptable
43,10AD250GRF01,2025-06-30,7,4,3,42.86,6,8,Out_of_Range
44,10AD250GRF01,2025-07-07,5,6,-1,-20.0,4,6,Acceptable
45,10AD250HRF01,2025-06-23,3,2,1,33.33,2,4,Acceptable
46,10AD250HRF01,2025-06-30,2,2,0,0.0,1,3,Acceptable
47,10AD250HRF01,2025-07-07,1,3,-2,-200.0,0,2,Out_of_Range
48,10AD250PRF03,2025-05-26,0,1,-1,,0,0,Out_of_Range
49,10AD250PRF03,2025-06-02,1,1,0,0.0,0,2,Acceptable
50,10AD250PRF03,2025-06-09,1,1,0,0.0,0,2,Acceptable
51,10AD300GRF01,2025-06-30,50,68,-18,-36.0,45,56,Out_of_Range
52,10AD300GRF01,2025-07-07,57,60,-3,-5.26,51,63,Acceptable
53,10AD300GRF01,2025-07-14,42,63,-21,-50.0,37,47,Out_of_Range
54,10AD300HRF01,2025-06-30,106,104,2,1.89,95,117,Acceptable
55,10AD300HRF01,2025-07-07,110,94,16,14.55,99,122,Out_of_Range
56,10AD300HRF01,2025-07-14,69,91,-22,-31.88,62,76,Out_of_Range
57,10AD300PRF03,2025-06-30,39,35,4,10.26,35,43,Acceptable
58,10AD300PRF03,2025-07-07,36,34,2,5.56,32,40,Acceptable
59,10AD300PRF03,2025-07-14,34,36,-2,-5.88,30,38,Acceptable
60,10AD300PRF04,2025-06-16,0,1,-1,,0,0,Out_of_Range
61,10AD300PRF04,2025-06-23,0,2,-2,,0,0,Out_of_Range
62,10AD300PRF04,2025-06-30,1,3,-2,-200.0,0,2,Out_of_Range
63,10AD350CMPK1,2025-06-30,1477,1334,143,9.68,1329,1625,Acceptable
64,10AD350CMPK1,2025-07-07,1201,1234,-33,-2.75,1080,1322,Acceptable
65,10AD350CMPK1,2025-07-14,715,1306,-591,-82.66,643,787,Out_of_Range
66,10AD350GRF01,2025-06-30,220,242,-22,-10.0,198,243,Acceptable
67,10AD350GRF01,2025-07-07,210,236,-26,-12.38,189,232,Out_of_Range
68,10AD350GRF01,2025-07-14,162,212,-50,-30.86,145,179,Out_of_Range
69,10AD350HRF01,2025-06-30,170,206,-36,-21.18,153,188,Out_of_Range
70,10AD350HRF01,2025-07-07,175,188,-13,-7.43,157,193,Acceptable
71,10AD350HRF01,2025-07-14,116,179,-63,-54.31,104,128,Out_of_Range
72,10AD350PRF03,2025-06-30,103,138,-35,-33.98,92,114,Out_of_Range
73,10AD350PRF03,2025-07-07,72,121,-49,-68.06,64,80,Out_of_Range
74,10AD350PRF03,2025-07-14,57,96,-39,-68.42,51,63,Out_of_Range
75,10AD500CV01,2025-05-12,0,0,0,,0,0,Acceptable
76,10AD500CV01,2025-05-19,0,0,0,,0,0,Acceptable
77,10AD500CV01,2025-05-26,1,0,1,100.0,0,2,Acceptable
78,10AD500GRF02,2025-06-30,105,77,28,26.67,94,116,Out_of_Range
79,10AD500GRF02,2025-07-07,91,69,22,24.18,81,101,Out_of_Range
80,10AD500GRF02,2025-07-14,29,78,-49,-168.97,26,32,Out_of_Range
81,10AD500HRF02,2025-06-30,69,48,21,30.43,62,76,Out_of_Range
82,10AD500HRF02,2025-07-07,59,51,8,13.56,53,65,Out_of_Range
83,10AD500HRF02,2025-07-14,14,49,-35,-250.0,12,16,Out_of_Range
84,10AD500PRF02,2025-06-30,32,30,2,6.25,28,36,Acceptable
85,10AD500PRF02,2025-07-07,17,26,-9,-52.94,15,19,Out_of_Range
86,10AD500PRF02,2025-07-14,12,27,-15,-125.0,10,14,Out_of_Range
87,10AD500PRF04C,2025-06-30,29,26,3,10.34,26,32,Acceptable
88,10AD500PRF04C,2025-07-07,28,25,3,10.71,25,31,Acceptable
89,10AD500PRF04C,2025-07-14,10,26,-16,-160.0,9,11,Out_of_Range
90,10AD550CMPK1,2025-06-30,287,267,20,6.97,258,316,Acceptable
91,10AD550CMPK1,2025-07-07,216,270,-54,-25.0,194,238,Out_of_Range
92,10AD550CMPK1,2025-07-14,145,287,-142,-97.93,130,160,Out_of_Range
93,10AD550GRF02,2025-06-30,92,98,-6,-6.52,82,102,Acceptable
94,10AD550GRF02,2025-07-07,70,86,-16,-22.86,63,77,Out_of_Range
95,10AD550GRF02,2025-07-14,48,66,-18,-37.5,43,53,Out_of_Range
96,10AD550HRF02,2025-06-30,50,51,-1,-2.0,45,56,Acceptable
97,10AD550HRF02,2025-07-07,53,43,10,18.87,47,59,Out_of_Range
98,10AD550HRF02,2025-07-14,22,41,-19,-86.36,19,25,Out_of_Range
99,10ST01TS01,2025-05-05,0,0,0,,0,0,Acceptable
100,10ST01TS01,2025-05-12,0,0,0,,0,0,Acceptable
101,10ST01TS01,2025-05-19,4,0,4,100.0,3,5,Out_of_Range
102,30AD01B001,2025-06-16,0,10,-10,,0,0,Out_of_Range
103,30AD01B001,2025-06-23,0,6,-6,,0,0,Out_of_Range
104,30AD01B001,2025-06-30,2,5,-3,-150.0,1,3,Out_of_Range
105,30AD01B002,2025-06-23,40,78,-38,-95.0,36,44,Out_of_Range
106,30AD01B002,2025-06-30,1,89,-88,-8800.0,0,2,Out_of_Range
107,30AD01B002,2025-07-07,2,39,-37,-1850.0,1,3,Out_of_Range
108,30AD01B003,2025-06-09,11,11,0,0.0,9,13,Acceptable
109,30AD01B003,2025-06-16,2,12,-10,-500.0,1,3,Out_of_Range
110,30AD01B003,2025-06-23,1,15,-14,-1400.0,0,2,Out_of_Range
111,30AD01B004,2025-06-16,44,24,20,45.45,39,49,Out_of_Range
112,30AD01B004,2025-06-23,22,33,-11,-50.0,19,25,Out_of_Range
113,30AD01B004,2025-06-30,1,34,-33,-3300.0,0,2,Out_of_Range
114,30AD01B008,2025-06-09,20,5,15,75.0,18,22,Out_of_Range
115,30AD01B008,2025-06-16,28,10,18,64.29,25,31,Out_of_Range
116,30AD01B008,2025-06-23,18,13,5,27.78,16,20,Out_of_Range
117,30AD01B011,2025-06-23,14,9,5,35.71,12,16,Out_of_Range
118,30AD01B011,2025-06-30,102,9,93,91.18,91,113,Out_of_Range
119,30AD01B011,2025-07-07,61,7,54,88.52,54,68,Out_of_Range
120,30AD01B012,2025-06-30,1,3,-2,-200.0,0,2,Out_of_Range
121,30AD01B012,2025-07-07,0,2,-2,,0,0,Out_of_Range
122,30AD01B012,2025-07-14,2,1,1,50.0,1,3,Acceptable
123,30AD01B013,2025-05-05,4,5,-1,-25.0,3,5,Acceptable
124,30AD01B013,2025-05-12,2,2,0,0.0,1,3,Acceptable
125,30AD01B013,2025-05-19,1,0,1,100.0,0,2,Acceptable
126,30AD01B014,2025-05-26,0,1,-1,,0,0,Out_of_Range
127,30AD01B014,2025-06-02,0,0,0,,0,0,Acceptable
128,30AD01B014,2025-06-09,1,0,1,100.0,0,2,Acceptable
129,30AD01B015,2025-06-02,1,4,-3,-300.0,0,2,Out_of_Range
130,30AD01B015,2025-06-09,0,6,-6,,0,0,Out_of_Range
131,30AD01B015,2025-06-16,1,7,-6,-600.0,0,2,Out_of_Range
132,30AD01B018,2025-05-12,0,0,0,,0,0,Acceptable
133,30AD01B018,2025-05-19,0,0,0,,0,0,Acceptable
134,30AD01B018,2025-05-26,2,0,2,100.0,1,3,Out_of_Range
135,30AD01B019,2025-05-19,64,0,64,100.0,57,71,Out_of_Range
136,30AD01B019,2025-05-26,66,0,66,100.0,59,73,Out_of_Range
137,30AD01B019,2025-06-02,7,0,7,100.0,6,8,Out_of_Range
138,30AD01B025,2025-05-19,19,0,19,100.0,17,21,Out_of_Range
139,30AD01B025,2025-05-26,27,0,27,100.0,24,30,Out_of_Range
140,30AD01B025,2025-06-02,1,0,1,100.0,0,2,Acceptable
141,30AD01B026,2025-06-30,5,8,-3,-60.0,4,6,Out_of_Range
142,30AD01B026,2025-07-07,0,4,-4,,0,0,Out_of_Range
143,30AD01B026,2025-07-14,1,1,0,0.0,0,2,Acceptable
144,30AD02CMPK2,2025-06-30,206,137,69,33.5,185,227,Out_of_Range
145,30AD02CMPK2,2025-07-07,121,157,-36,-29.75,108,134,Out_of_Range
146,30AD02CMPK2,2025-07-14,124,169,-45,-36.29,111,137,Out_of_Range
147,30AD250CMPK1,2025-06-23,2,1,1,50.0,1,3,Acceptable
148,30AD250CMPK1,2025-06-30,1,1,0,0.0,0,2,Acceptable
149,30AD250CMPK1,2025-07-07,1,2,-1,-100.0,0,2,Acceptable
150,30AD500CMPK1,2025-06-30,38,32,6,15.79,34,42,Out_of_Range
151,30AD500CMPK1,2025-07-07,33,29,4,12.12,29,37,Acceptable
152,30AD500CMPK1,2025-07-14,7,25,-18,-257.14,6,8,Out_of_Range
153,30AD500CMPK2,2025-06-30,4,4,0,0.0,3,5,Acceptable
154,30AD500CMPK2,2025-07-07,2,5,-3,-150.0,1,3,Out_of_Range
155,30AD500CMPK2,2025-07-14,1,6,-5,-500.0,0,2,Out_of_Range
156,40AD01TWC301,2025-06-23,3,3,0,0.0,2,4,Acceptable
157,40AD01TWC301,2025-06-30,0,4,-4,,0,0,Out_of_Range
158,40AD01TWC301,2025-07-07,2,5,-3,-150.0,1,3,Out_of_Range
159,40AD01WC301,2025-06-30,23,24,-1,-4.35,20,26,Acceptable
160,40AD01WC301,2025-07-07,33,33,0,0.0,29,37,Acceptable
161,40AD01WC301,2025-07-14,4,32,-28,-700.0,3,5,Out_of_Range
162,40AD01WC501,2025-05-26,0,0,0,,0,0,Acceptable
163,40AD01WC501,2025-06-02,0,0,0,,0,0,Acceptable
164,40AD01WC501,2025-06-09,1,0,1,100.0,0,2,Acceptable
165,40AD02WC301,2025-06-30,4,11,-7,-175.0,3,5,Out_of_Range
166,40AD02WC301,2025-07-07,3,14,-11,-366.67,2,4,Out_of_Range
167,40AD02WC301,2025-07-14,2,17,-15,-750.0,1,3,Out_of_Range
168,40AD02WC501,2025-06-16,0,0,0,,0,0,Acceptable
169,40AD02WC501,2025-06-23,0,0,0,,0,0,Acceptable
170,40AD02WC501,2025-06-30,1,0,1,100.0,0,2,Acceptable
171,40AD200WC301,2025-06-30,18,18,0,0.0,16,20,Acceptable
172,40AD200WC301,2025-07-07,28,23,5,17.86,25,31,Out_of_Range
173,40AD200WC301,2025-07-14,3,25,-22,-733.33,2,4,Out_of_Range
174,40AD300MN01,2025-06-23,1,0,1,100.0,0,2,Acceptable
175,40AD300MN01,2025-06-30,0,1,-1,,0,0,Out_of_Range
176,40AD300MN01,2025-07-07,1,0,1,100.0,0,2,Acceptable
177,90AD01AC01,2025-06-16,0,0,0,,0,0,Acceptable
178,90AD01AC01,2025-06-23,0,0,0,,0,0,Acceptable
179,90AD01AC01,2025-06-30,1,0,1,100.0,0,2,Acceptable
180,90AD01AD01-HD,2025-06-16,0,0,0,,0,0,Acceptable
181,90AD01AD01-HD,2025-06-23,0,0,0,,0,0,Acceptable
182,90AD01AD01-HD,2025-06-30,2,0,2,100.0,1,3,Out_of_Range
183,90AD01AT01-W,2025-06-30,94,94,0,0.0,84,104,Acceptable
184,90AD01AT01-W,2025-07-07,71,77,-6,-8.45,63,79,Acceptable
185,90AD01AT01-W,2025-07-14,35,76,-41,-117.14,31,39,Out_of_Range
186,90AD02AC01,2025-06-30,4,3,1,25.0,3,5,Acceptable
187,90AD02AC01,2025-07-07,5,2,3,60.0,4,6,Out_of_Range
188,90AD02AC01,2025-07-14,4,1,3,75.0,3,5,Out_of_Range
189,90AD200AD01,2025-06-30,8,380,-372,-4650.0,7,9,Out_of_Range
190,90AD200AD01,2025-07-07,7,286,-279,-3985.71,6,8,Out_of_Range
191,90AD200AD01,2025-07-14,3,226,-223,-7433.33,2,4,Out_of_Range
192,90AD200SC01,2025-06-30,632,107,525,83.07,568,696,Out_of_Range
193,90AD200SC01,2025-07-07,453,75,378,83.44,407,499,Out_of_Range
194,90AD200SC01,2025-07-14,145,44,101,69.66,130,160,Out_of_Range
195,90AD250AD01,2025-05-12,0,0,0,,0,0,Acceptable
196,90AD250AD01,2025-05-19,0,0,0,,0,0,Acceptable
197,90AD250AD01,2025-05-26,1,0,1,100.0,0,2,Acceptable
198,90AD350AD01,2025-06-30,698,672,26,3.72,628,768,Acceptable
199,90AD350AD01,2025-07-07,505,524,-19,-3.76,454,556,Acceptable
200,90AD350AD01,2025-07-14,192,485,-293,-152.6,172,212,Out_of_Range
201,90AD350SC01,2025-06-30,165,111,54,32.73,148,182,Out_of_Range
202,90AD350SC01,2025-07-07,116,86,30,25.86,104,128,Out_of_Range
203,90AD350SC01,2025-07-14,37,68,-31,-83.78,33,41,Out_of_Range
204,90AD500AD01,2025-05-12,0,0,0,,0,0,Acceptable
205,90AD500AD01,2025-05-19,0,0,0,,0,0,Acceptable
206,90AD500AD01,2025-05-26,1,0,1,100.0,0,2,Acceptable
207,90AD550AD01,2025-06-30,134,203,-69,-51.49,120,148,Out_of_Range
208,90AD550AD01,2025-07-07,121,152,-31,-25.62,108,134,Out_of_Range
209,90AD550AD01,2025-07-14,67,127,-60,-89.55,60,74,Out_of_Range
210,90AD550SC01,2025-06-30,50,49,1,2.0,45,56,Acceptable
211,90AD550SC01,2025-07-07,30,40,-10,-33.33,27,33,Out_of_Range
212,90AD550SC01,2025-07-14,16,45,-29,-181.25,14,18,Out_of_Range
