SKU,WeekStart,Actual_Quantity,Predicted_Quantity,Method,Absolute_Error,Percentage_Error
10AD01FNA02,2024-03-04,2.0,12.38,Moving_Average_8W,10.375,518.75
10AD01FNB02,2024-02-05,3.0,9.5,Moving_Average_8W,6.5,216.66666666666666
10AD01FNB02,2024-02-12,18.0,9.5,Moving_Average_8W,8.5,47.22222222222222
10AD01FNB02,2024-02-19,9.0,9.5,Moving_Average_8W,0.5,5.555555555555555
10AD01FNB02,2024-02-26,10.0,9.5,Moving_Average_8W,0.5,5.0
10AD01FNB02,2024-03-04,10.0,9.5,Moving_Average_8W,0.5,5.0
10AD01FNB02,2024-03-11,18.0,9.5,Moving_Average_8W,8.5,47.22222222222222
10AD01FNB02,2024-03-18,10.0,9.5,Moving_Average_8W,0.5,5.0
10AD01FNB02,2024-03-25,8.0,9.5,Moving_Average_8W,1.5,18.75
10AD01FNB02,2024-04-01,11.0,9.5,Moving_Average_8W,1.5,13.636363636363635
10AD01FNB02,2024-04-08,7.0,9.5,Moving_Average_8W,2.5,35.714285714285715
10AD01FNB02,2024-04-15,12.0,9.5,Moving_Average_8W,2.5,20.833333333333336
10AD01FNB02,2024-04-22,7.0,9.5,Moving_Average_8W,2.5,35.714285714285715
10AD01FNB02,2024-04-29,1.0,9.5,Moving_Average_8W,8.5,850.0
10AD01FNC02,2024-02-05,11.0,9.88,Moving_Average_8W,1.125,10.227272727272728
10AD01FNC02,2024-02-12,5.0,9.88,Moving_Average_8W,4.875,97.5
10AD01FNC02,2024-02-19,5.0,9.88,Moving_Average_8W,4.875,97.5
10AD01FNC02,2024-02-26,19.0,9.88,Moving_Average_8W,9.125,48.026315789473685
10AD01FNC02,2024-03-04,4.0,9.88,Moving_Average_8W,5.875,146.875
10AD01FNC02,2024-03-11,15.0,9.88,Moving_Average_8W,5.125,34.166666666666664
10AD01FNC02,2024-03-18,4.0,9.88,Moving_Average_8W,5.875,146.875
10AD01FNC02,2024-03-25,1.0,9.88,Moving_Average_8W,8.875,887.5
10AD01FNC02,2024-04-01,2.0,9.88,Moving_Average_8W,7.875,393.75
10AD01FND02,2024-02-05,1.0,3.38,Moving_Average_8W,2.375,237.5
10AD01FND02,2024-02-12,2.0,3.38,Moving_Average_8W,1.375,68.75
10AD01FND02,2024-02-26,1.0,3.38,Moving_Average_8W,2.375,237.5
10AD01FND02,2024-03-04,1.0,3.38,Moving_Average_8W,2.375,237.5
10AD01FND02,2024-04-01,1.0,3.38,Moving_Average_8W,2.375,237.5
10AD01FND02,2024-04-08,1.0,3.38,Moving_Average_8W,2.375,237.5
10AD01FND02,2024-04-15,1.0,3.38,Moving_Average_8W,2.375,237.5
10AD01FND02,2024-04-22,3.0,3.38,Moving_Average_8W,0.375,12.5
10AD01FNF02,2024-02-12,2.0,12.5,Moving_Average_8W,10.5,525.0
10AD01FNF02,2024-04-08,3.0,12.5,Moving_Average_8W,9.5,316.66666666666663
10AD01FNF02,2024-04-15,15.0,12.5,Moving_Average_8W,2.5,16.666666666666664
10AD01PC01,2024-02-12,1.0,2.0,Moving_Average_8W,1.0,100.0
10AD01PC01,2024-03-11,2.0,2.0,Moving_Average_8W,0.0,0.0
10AD01PC01,2024-03-18,4.0,2.0,Moving_Average_8W,2.0,50.0
10AD01PC01,2024-03-25,4.0,2.0,Moving_Average_8W,2.0,50.0
10AD01PC01,2024-04-15,2.0,2.0,Moving_Average_8W,0.0,0.0
10AD01TF01,2024-02-05,237.0,297.5,Moving_Average_8W,60.5,25.52742616033755
10AD01TF01,2024-02-12,307.0,297.5,Moving_Average_8W,9.5,3.0944625407166124
10AD01TF01,2024-02-19,400.0,297.5,Moving_Average_8W,102.5,25.624999999999996
10AD01TF01,2024-02-26,313.0,297.5,Moving_Average_8W,15.5,4.952076677316294
10AD01TF01,2024-03-04,416.0,297.5,Moving_Average_8W,118.5,28.485576923076923
10AD01TF01,2024-03-11,398.0,297.5,Moving_Average_8W,100.5,25.251256281407038
10AD01TF01,2024-03-18,556.0,297.5,Moving_Average_8W,258.5,46.492805755395686
10AD01TF01,2024-03-25,341.0,297.5,Moving_Average_8W,43.5,12.756598240469208
10AD01TF01,2024-04-01,431.0,297.5,Moving_Average_8W,133.5,30.97447795823666
10AD01TF01,2024-04-08,365.0,297.5,Moving_Average_8W,67.5,18.493150684931507
10AD01TF01,2024-04-15,391.0,297.5,Moving_Average_8W,93.5,23.91304347826087
10AD01TF01,2024-04-22,485.0,297.5,Moving_Average_8W,187.5,38.659793814432994
10AD01TF01,2024-04-29,117.0,297.5,Moving_Average_8W,180.5,154.27350427350427
10AD02CMPK1,2024-02-05,41.0,148.88,Moving_Average_8W,107.875,263.10975609756093
10AD02CMPK1,2024-02-12,67.0,148.88,Moving_Average_8W,81.875,122.20149253731343
10AD02CMPK1,2024-02-19,157.0,148.88,Moving_Average_8W,8.125,5.17515923566879
10AD02CMPK1,2024-02-26,84.0,148.88,Moving_Average_8W,64.875,77.23214285714286
10AD02CMPK1,2024-03-04,349.0,148.88,Moving_Average_8W,200.125,57.34240687679083
10AD02CMPK1,2024-03-11,219.0,148.88,Moving_Average_8W,70.125,32.02054794520548
10AD02CMPK1,2024-03-18,246.0,148.88,Moving_Average_8W,97.125,39.48170731707317
10AD02CMPK1,2024-03-25,45.0,148.88,Moving_Average_8W,103.875,230.83333333333331
10AD02CMPK1,2024-04-01,130.0,148.88,Moving_Average_8W,18.875,14.51923076923077
10AD02CMPK1,2024-04-08,173.0,148.88,Moving_Average_8W,24.125,13.94508670520231
10AD02CMPK1,2024-04-15,91.0,148.88,Moving_Average_8W,57.875,63.598901098901095
10AD02CMPK1,2024-04-22,78.0,148.88,Moving_Average_8W,70.875,90.86538461538461
10AD02CMPK1,2024-04-29,14.0,148.88,Moving_Average_8W,134.875,963.3928571428571
10AD200CMPK1,2024-02-05,195.0,256.5,Moving_Average_8W,61.5,31.538461538461537
10AD200CMPK1,2024-02-12,259.0,256.5,Moving_Average_8W,2.5,0.9652509652509652
10AD200CMPK1,2024-02-19,302.0,256.5,Moving_Average_8W,45.5,15.066225165562914
10AD200CMPK1,2024-02-26,237.0,256.5,Moving_Average_8W,19.5,8.227848101265822
10AD200CMPK1,2024-03-04,238.0,256.5,Moving_Average_8W,18.5,7.773109243697479
10AD200CMPK1,2024-03-11,280.0,256.5,Moving_Average_8W,23.5,8.392857142857142
10AD200CMPK1,2024-03-18,519.0,256.5,Moving_Average_8W,262.5,50.57803468208093
10AD200CMPK1,2024-03-25,343.0,256.5,Moving_Average_8W,86.5,25.218658892128282
10AD200CMPK1,2024-04-01,419.0,256.5,Moving_Average_8W,162.5,38.782816229116946
10AD200CMPK1,2024-04-08,372.0,256.5,Moving_Average_8W,115.5,31.048387096774192
10AD200CMPK1,2024-04-15,348.0,256.5,Moving_Average_8W,91.5,26.29310344827586
10AD200CMPK1,2024-04-22,464.0,256.5,Moving_Average_8W,207.5,44.7198275862069
10AD200CMPK1,2024-04-29,86.0,256.5,Moving_Average_8W,170.5,198.25581395348837
10AD200GRF01,2024-02-05,58.0,72.75,Moving_Average_8W,14.75,25.43103448275862
10AD200GRF01,2024-02-12,45.0,72.75,Moving_Average_8W,27.75,61.66666666666667
10AD200GRF01,2024-02-19,69.0,72.75,Moving_Average_8W,3.75,5.434782608695652
10AD200GRF01,2024-02-26,86.0,72.75,Moving_Average_8W,13.25,15.406976744186046
10AD200GRF01,2024-03-04,66.0,72.75,Moving_Average_8W,6.75,10.227272727272728
10AD200GRF01,2024-03-11,71.0,72.75,Moving_Average_8W,1.75,2.464788732394366
10AD200GRF01,2024-03-18,88.0,72.75,Moving_Average_8W,15.25,17.329545454545457
10AD200GRF01,2024-03-25,72.0,72.75,Moving_Average_8W,0.75,1.0416666666666665
10AD200GRF01,2024-04-01,116.0,72.75,Moving_Average_8W,43.25,37.28448275862069
10AD200GRF01,2024-04-08,81.0,72.75,Moving_Average_8W,8.25,10.185185185185185
10AD200GRF01,2024-04-15,78.0,72.75,Moving_Average_8W,5.25,6.730769230769231
10AD200GRF01,2024-04-22,77.0,72.75,Moving_Average_8W,4.25,5.51948051948052
10AD200GRF01,2024-04-29,17.0,72.75,Moving_Average_8W,55.75,327.94117647058823
10AD200HRF01,2024-02-05,44.0,45.88,Moving_Average_8W,1.875,4.261363636363636
10AD200HRF01,2024-02-12,43.0,45.88,Moving_Average_8W,2.875,6.686046511627906
10AD200HRF01,2024-02-19,46.0,45.88,Moving_Average_8W,0.125,0.2717391304347826
10AD200HRF01,2024-02-26,50.0,45.88,Moving_Average_8W,4.125,8.25
10AD200HRF01,2024-03-04,37.0,45.88,Moving_Average_8W,8.875,23.986486486486484
10AD200HRF01,2024-03-11,54.0,45.88,Moving_Average_8W,8.125,15.046296296296296
10AD200HRF01,2024-03-18,72.0,45.88,Moving_Average_8W,26.125,36.28472222222222
10AD200HRF01,2024-03-25,73.0,45.88,Moving_Average_8W,27.125,37.15753424657534
10AD200HRF01,2024-04-01,76.0,45.88,Moving_Average_8W,30.125,39.63815789473684
10AD200HRF01,2024-04-08,51.0,45.88,Moving_Average_8W,5.125,10.049019607843137
10AD200HRF01,2024-04-15,69.0,45.88,Moving_Average_8W,23.125,33.51449275362319
10AD200HRF01,2024-04-22,55.0,45.88,Moving_Average_8W,9.125,16.590909090909093
10AD200HRF01,2024-04-29,7.0,45.88,Moving_Average_8W,38.875,555.3571428571429
10AD200PRF03,2024-02-05,54.0,47.75,Moving_Average_8W,6.25,11.574074074074074
10AD200PRF03,2024-02-12,51.0,47.75,Moving_Average_8W,3.25,6.372549019607843
10AD200PRF03,2024-02-19,40.0,47.75,Moving_Average_8W,7.75,19.375
10AD200PRF03,2024-02-26,50.0,47.75,Moving_Average_8W,2.25,4.5
10AD200PRF03,2024-03-04,36.0,47.75,Moving_Average_8W,11.75,32.63888888888889
10AD200PRF03,2024-03-11,53.0,47.75,Moving_Average_8W,5.25,9.90566037735849
10AD200PRF03,2024-03-18,75.0,47.75,Moving_Average_8W,27.25,36.333333333333336
10AD200PRF03,2024-03-25,49.0,47.75,Moving_Average_8W,1.25,2.5510204081632653
10AD200PRF03,2024-04-01,88.0,47.75,Moving_Average_8W,40.25,45.73863636363637
10AD200PRF03,2024-04-08,55.0,47.75,Moving_Average_8W,7.25,13.18181818181818
10AD200PRF03,2024-04-15,65.0,47.75,Moving_Average_8W,17.25,26.53846153846154
10AD200PRF03,2024-04-22,73.0,47.75,Moving_Average_8W,25.25,34.58904109589041
10AD200PRF03,2024-04-29,20.0,47.75,Moving_Average_8W,27.75,138.75
10AD300GRF01,2024-02-05,3.0,26.88,Moving_Average_8W,23.875,795.8333333333333
10AD300GRF01,2024-02-12,11.0,26.88,Moving_Average_8W,15.875,144.3181818181818
10AD300GRF01,2024-02-19,29.0,26.88,Moving_Average_8W,2.125,7.327586206896551
10AD300GRF01,2024-02-26,15.0,26.88,Moving_Average_8W,11.875,79.16666666666666
10AD300GRF01,2024-03-04,31.0,26.88,Moving_Average_8W,4.125,13.306451612903224
10AD300GRF01,2024-03-11,41.0,26.88,Moving_Average_8W,14.125,34.45121951219512
10AD300GRF01,2024-03-18,40.0,26.88,Moving_Average_8W,13.125,32.8125
10AD300GRF01,2024-03-25,2.0,26.88,Moving_Average_8W,24.875,1243.75
10AD300GRF01,2024-04-08,4.0,26.88,Moving_Average_8W,22.875,571.875
10AD300GRF01,2024-04-15,6.0,26.88,Moving_Average_8W,20.875,347.91666666666663
10AD300GRF01,2024-04-22,4.0,26.88,Moving_Average_8W,22.875,571.875
10AD300HRF01,2024-02-05,1.0,32.5,Moving_Average_8W,31.5,3150.0
10AD300HRF01,2024-02-12,19.0,32.5,Moving_Average_8W,13.5,71.05263157894737
10AD300HRF01,2024-02-19,39.0,32.5,Moving_Average_8W,6.5,16.666666666666664
10AD300HRF01,2024-02-26,17.0,32.5,Moving_Average_8W,15.5,91.17647058823529
10AD300HRF01,2024-03-04,35.0,32.5,Moving_Average_8W,2.5,7.142857142857142
10AD300HRF01,2024-03-11,59.0,32.5,Moving_Average_8W,26.5,44.91525423728814
10AD300HRF01,2024-03-18,50.0,32.5,Moving_Average_8W,17.5,35.0
10AD300HRF01,2024-03-25,3.0,32.5,Moving_Average_8W,29.5,983.3333333333334
10AD300HRF01,2024-04-08,2.0,32.5,Moving_Average_8W,30.5,1525.0
10AD300PRF03,2024-02-05,1.0,38.62,Moving_Average_8W,37.625,3762.5
10AD300PRF03,2024-02-12,13.0,38.62,Moving_Average_8W,25.625,197.1153846153846
10AD300PRF03,2024-02-19,34.0,38.62,Moving_Average_8W,4.625,13.602941176470587
10AD300PRF03,2024-02-26,19.0,38.62,Moving_Average_8W,19.625,103.28947368421053
10AD300PRF03,2024-03-04,43.0,38.62,Moving_Average_8W,4.375,10.174418604651162
10AD300PRF03,2024-03-11,65.0,38.62,Moving_Average_8W,26.375,40.57692307692308
10AD300PRF03,2024-03-18,45.0,38.62,Moving_Average_8W,6.375,14.166666666666666
10AD300PRF03,2024-03-25,6.0,38.62,Moving_Average_8W,32.625,543.75
10AD300PRF03,2024-04-01,6.0,38.62,Moving_Average_8W,32.625,543.75
10AD300PRF03,2024-04-08,2.0,38.62,Moving_Average_8W,36.625,1831.25
10AD300PRF03,2024-04-15,2.0,38.62,Moving_Average_8W,36.625,1831.25
10AD300PRF03,2024-04-22,1.0,38.62,Moving_Average_8W,37.625,3762.5
10AD500GRF02,2024-02-05,1.0,4.12,Moving_Average_8W,3.125,312.5
10AD500GRF02,2024-02-12,1.0,4.12,Moving_Average_8W,3.125,312.5
10AD500GRF02,2024-02-19,15.0,4.12,Moving_Average_8W,10.875,72.5
10AD500GRF02,2024-02-26,1.0,4.12,Moving_Average_8W,3.125,312.5
10AD500GRF02,2024-03-04,1.0,4.12,Moving_Average_8W,3.125,312.5
10AD500GRF02,2024-03-11,5.0,4.12,Moving_Average_8W,0.875,17.5
10AD500GRF02,2024-03-18,5.0,4.12,Moving_Average_8W,0.875,17.5
10AD500GRF02,2024-03-25,1.0,4.12,Moving_Average_8W,3.125,312.5
10AD500GRF02,2024-04-15,4.0,4.12,Moving_Average_8W,0.125,3.125
10AD500GRF02,2024-04-22,2.0,4.12,Moving_Average_8W,2.125,106.25
10AD500GRF02,2024-04-29,1.0,4.12,Moving_Average_8W,3.125,312.5
10AD500HRF02,2024-02-19,11.0,4.0,Moving_Average_8W,7.0,63.63636363636363
10AD500HRF02,2024-03-25,1.0,4.0,Moving_Average_8W,3.0,300.0
10AD500HRF02,2024-04-01,1.0,4.0,Moving_Average_8W,3.0,300.0
10AD500HRF02,2024-04-08,1.0,4.0,Moving_Average_8W,3.0,300.0
10AD500HRF02,2024-04-22,4.0,4.0,Moving_Average_8W,0.0,0.0
10AD500HRF02,2024-04-29,1.0,4.0,Moving_Average_8W,3.0,300.0
10AD500PRF02,2024-02-05,23.0,25.12,Moving_Average_8W,2.125,9.239130434782608
10AD500PRF02,2024-02-12,21.0,25.12,Moving_Average_8W,4.125,19.642857142857142
10AD500PRF02,2024-02-19,24.0,25.12,Moving_Average_8W,1.125,4.6875
10AD500PRF02,2024-02-26,27.0,25.12,Moving_Average_8W,1.875,6.944444444444445
10AD500PRF02,2024-03-04,24.0,25.12,Moving_Average_8W,1.125,4.6875
10AD500PRF02,2024-03-11,34.0,25.12,Moving_Average_8W,8.875,26.10294117647059
10AD500PRF02,2024-03-18,54.0,25.12,Moving_Average_8W,28.875,53.47222222222222
10AD500PRF02,2024-03-25,27.0,25.12,Moving_Average_8W,1.875,6.944444444444445
10AD500PRF02,2024-04-01,45.0,25.12,Moving_Average_8W,19.875,44.166666666666664
10AD500PRF02,2024-04-08,31.0,25.12,Moving_Average_8W,5.875,18.951612903225808
10AD500PRF02,2024-04-15,42.0,25.12,Moving_Average_8W,16.875,40.17857142857143
10AD500PRF02,2024-04-22,30.0,25.12,Moving_Average_8W,4.875,16.25
10AD500PRF02,2024-04-29,4.0,25.12,Moving_Average_8W,21.125,528.125
10AD500PRF04C,2024-02-05,1.0,1.75,Moving_Average_8W,0.75,75.0
10AD500PRF04C,2024-02-12,3.0,1.75,Moving_Average_8W,1.25,41.66666666666667
10AD500PRF04C,2024-03-04,2.0,1.75,Moving_Average_8W,0.25,12.5
10AD500PRF04C,2024-03-11,5.0,1.75,Moving_Average_8W,3.25,65.0
10AD500PRF04C,2024-03-18,1.0,1.75,Moving_Average_8W,0.75,75.0
10AD500PRF04C,2024-03-25,1.0,1.75,Moving_Average_8W,0.75,75.0
10AD500PRF04C,2024-04-15,6.0,1.75,Moving_Average_8W,4.25,70.83333333333334
10AD500PRF04C,2024-04-22,5.0,1.75,Moving_Average_8W,3.25,65.0
10AD550HRF02,2024-02-05,46.0,45.62,Moving_Average_8W,0.375,0.8152173913043478
10AD550HRF02,2024-02-12,55.0,45.62,Moving_Average_8W,9.375,17.045454545454543
10AD550HRF02,2024-02-19,57.0,45.62,Moving_Average_8W,11.375,19.956140350877195
10AD550HRF02,2024-02-26,49.0,45.62,Moving_Average_8W,3.375,6.887755102040815
10AD550HRF02,2024-03-04,67.0,45.62,Moving_Average_8W,21.375,31.902985074626866
10AD550HRF02,2024-03-11,52.0,45.62,Moving_Average_8W,6.375,12.259615384615383
10AD550HRF02,2024-03-18,61.0,45.62,Moving_Average_8W,15.375,25.204918032786882
10AD550HRF02,2024-03-25,47.0,45.62,Moving_Average_8W,1.375,2.925531914893617
10AD550HRF02,2024-04-01,59.0,45.62,Moving_Average_8W,13.375,22.66949152542373
10AD550HRF02,2024-04-08,51.0,45.62,Moving_Average_8W,5.375,10.53921568627451
10AD550HRF02,2024-04-15,72.0,45.62,Moving_Average_8W,26.375,36.63194444444444
10AD550HRF02,2024-04-22,61.0,45.62,Moving_Average_8W,15.375,25.204918032786882
10AD550HRF02,2024-04-29,17.0,45.62,Moving_Average_8W,28.625,168.38235294117646
30AD01B002,2024-03-11,1.0,1.25,Moving_Average_8W,0.25,25.0
30AD01B002,2024-03-18,637.0,1.25,Moving_Average_8W,635.75,99.80376766091051
30AD01B002,2024-03-25,377.0,1.25,Moving_Average_8W,375.75,99.6684350132626
30AD01B002,2024-04-01,615.0,1.25,Moving_Average_8W,613.75,99.79674796747967
30AD01B002,2024-04-08,186.0,1.25,Moving_Average_8W,184.75,99.32795698924731
30AD01B002,2024-04-15,3.0,1.25,Moving_Average_8W,1.75,58.333333333333336
30AD01B002,2024-04-22,2.0,1.25,Moving_Average_8W,0.75,37.5
30AD01B003,2024-02-12,20.0,21.88,Moving_Average_8W,1.875,9.375
30AD01B003,2024-02-19,53.0,21.88,Moving_Average_8W,31.125,58.72641509433962
30AD01B003,2024-02-26,39.0,21.88,Moving_Average_8W,17.125,43.91025641025641
30AD01B003,2024-03-04,19.0,21.88,Moving_Average_8W,2.875,15.131578947368421
30AD01B003,2024-03-11,56.0,21.88,Moving_Average_8W,34.125,60.9375
30AD01B003,2024-03-18,173.0,21.88,Moving_Average_8W,151.125,87.35549132947978
30AD01B003,2024-03-25,86.0,21.88,Moving_Average_8W,64.125,74.56395348837209
30AD01B003,2024-04-01,177.0,21.88,Moving_Average_8W,155.125,87.64124293785311
30AD01B003,2024-04-08,71.0,21.88,Moving_Average_8W,49.125,69.19014084507043
30AD01B003,2024-04-15,1.0,21.88,Moving_Average_8W,20.875,2087.5
30AD01B003,2024-04-22,2.0,21.88,Moving_Average_8W,19.875,993.75
30AD01B005,2024-03-04,2.0,9.12,Moving_Average_8W,7.125,356.25
30AD01B005,2024-03-11,1.0,9.12,Moving_Average_8W,8.125,812.5
30AD01B005,2024-03-18,1.0,9.12,Moving_Average_8W,8.125,812.5
30AD01B005,2024-04-01,1.0,9.12,Moving_Average_8W,8.125,812.5
30AD01B008,2024-03-18,159.0,2.12,Moving_Average_8W,156.875,98.66352201257862
30AD01B008,2024-03-25,114.0,2.12,Moving_Average_8W,111.875,98.1359649122807
30AD01B008,2024-04-01,140.0,2.12,Moving_Average_8W,137.875,98.48214285714286
30AD01B008,2024-04-08,50.0,2.12,Moving_Average_8W,47.875,95.75
30AD01B008,2024-04-15,1.0,2.12,Moving_Average_8W,1.125,112.5
30AD500CMPK1,2024-02-05,2.0,9.0,Moving_Average_8W,7.0,350.0
30AD500CMPK1,2024-02-12,2.0,9.0,Moving_Average_8W,7.0,350.0
30AD500CMPK1,2024-02-19,7.0,9.0,Moving_Average_8W,2.0,28.57142857142857
30AD500CMPK1,2024-02-26,5.0,9.0,Moving_Average_8W,4.0,80.0
30AD500CMPK1,2024-03-04,11.0,9.0,Moving_Average_8W,2.0,18.181818181818183
30AD500CMPK1,2024-03-11,13.0,9.0,Moving_Average_8W,4.0,30.76923076923077
30AD500CMPK1,2024-03-18,6.0,9.0,Moving_Average_8W,3.0,50.0
30AD500CMPK1,2024-03-25,3.0,9.0,Moving_Average_8W,6.0,200.0
30AD500CMPK1,2024-04-01,7.0,9.0,Moving_Average_8W,2.0,28.57142857142857
30AD500CMPK1,2024-04-08,4.0,9.0,Moving_Average_8W,5.0,125.0
30AD500CMPK1,2024-04-15,9.0,9.0,Moving_Average_8W,0.0,0.0
30AD500CMPK1,2024-04-22,8.0,9.0,Moving_Average_8W,1.0,12.5
30AD500CMPK1,2024-04-29,2.0,9.0,Moving_Average_8W,7.0,350.0
40AD01TWC301,2024-02-05,14.0,8.25,Moving_Average_8W,5.75,41.07142857142857
40AD01TWC301,2024-02-12,9.0,8.25,Moving_Average_8W,0.75,8.333333333333332
40AD01TWC301,2024-02-19,17.0,8.25,Moving_Average_8W,8.75,51.470588235294116
40AD01TWC301,2024-02-26,9.0,8.25,Moving_Average_8W,0.75,8.333333333333332
40AD01TWC301,2024-03-04,11.0,8.25,Moving_Average_8W,2.75,25.0
40AD01TWC301,2024-03-11,13.0,8.25,Moving_Average_8W,4.75,36.53846153846153
40AD01TWC301,2024-03-18,5.0,8.25,Moving_Average_8W,3.25,65.0
40AD01TWC301,2024-03-25,2.0,8.25,Moving_Average_8W,6.25,312.5
40AD01TWC301,2024-04-01,14.0,8.25,Moving_Average_8W,5.75,41.07142857142857
40AD01TWC301,2024-04-08,8.0,8.25,Moving_Average_8W,0.25,3.125
40AD01TWC301,2024-04-15,1.0,8.25,Moving_Average_8W,7.25,725.0
40AD01TWC301,2024-04-22,1.0,8.25,Moving_Average_8W,7.25,725.0
40AD01TWC301,2024-04-29,1.0,8.25,Moving_Average_8W,7.25,725.0
40AD01WC301,2024-02-05,40.0,39.5,Moving_Average_8W,0.5,1.25
40AD01WC301,2024-02-12,41.0,39.5,Moving_Average_8W,1.5,3.6585365853658534
40AD01WC301,2024-02-19,91.0,39.5,Moving_Average_8W,51.5,56.59340659340659
40AD01WC301,2024-02-26,74.0,39.5,Moving_Average_8W,34.5,46.62162162162162
40AD01WC301,2024-03-04,51.0,39.5,Moving_Average_8W,11.5,22.54901960784314
40AD01WC301,2024-03-11,66.0,39.5,Moving_Average_8W,26.5,40.15151515151515
40AD01WC301,2024-03-18,40.0,39.5,Moving_Average_8W,0.5,1.25
40AD01WC301,2024-03-25,41.0,39.5,Moving_Average_8W,1.5,3.6585365853658534
40AD01WC301,2024-04-01,55.0,39.5,Moving_Average_8W,15.5,28.18181818181818
40AD01WC301,2024-04-08,44.0,39.5,Moving_Average_8W,4.5,10.227272727272728
40AD01WC301,2024-04-15,10.0,39.5,Moving_Average_8W,29.5,295.0
40AD01WC301,2024-04-22,30.0,39.5,Moving_Average_8W,9.5,31.666666666666664
40AD01WC301,2024-04-29,2.0,39.5,Moving_Average_8W,37.5,1875.0
40AD01WC501,2024-02-05,11.0,9.38,Moving_Average_8W,1.625,14.772727272727273
40AD01WC501,2024-02-12,10.0,9.38,Moving_Average_8W,0.625,6.25
40AD01WC501,2024-02-19,9.0,9.38,Moving_Average_8W,0.375,4.166666666666666
40AD01WC501,2024-02-26,21.0,9.38,Moving_Average_8W,11.625,55.35714285714286
40AD01WC501,2024-03-04,13.0,9.38,Moving_Average_8W,3.625,27.884615384615387
40AD01WC501,2024-03-11,15.0,9.38,Moving_Average_8W,5.625,37.5
40AD01WC501,2024-03-18,6.0,9.38,Moving_Average_8W,3.375,56.25
40AD01WC501,2024-03-25,1.0,9.38,Moving_Average_8W,8.375,837.5
40AD01WC501,2024-04-01,2.0,9.38,Moving_Average_8W,7.375,368.75
40AD01WC501,2024-04-08,3.0,9.38,Moving_Average_8W,6.375,212.5
40AD01WC501,2024-04-15,2.0,9.38,Moving_Average_8W,7.375,368.75
40AD01WC501,2024-04-22,1.0,9.38,Moving_Average_8W,8.375,837.5
40AD02WC301,2024-02-05,14.0,10.0,Moving_Average_8W,4.0,28.57142857142857
40AD02WC301,2024-02-12,20.0,10.0,Moving_Average_8W,10.0,50.0
40AD02WC301,2024-02-19,16.0,10.0,Moving_Average_8W,6.0,37.5
40AD02WC301,2024-02-26,9.0,10.0,Moving_Average_8W,1.0,11.11111111111111
40AD02WC301,2024-03-04,11.0,10.0,Moving_Average_8W,1.0,9.090909090909092
40AD02WC301,2024-03-11,8.0,10.0,Moving_Average_8W,2.0,25.0
40AD02WC301,2024-03-18,13.0,10.0,Moving_Average_8W,3.0,23.076923076923077
40AD02WC301,2024-03-25,11.0,10.0,Moving_Average_8W,1.0,9.090909090909092
40AD02WC301,2024-04-01,22.0,10.0,Moving_Average_8W,12.0,54.54545454545454
40AD02WC301,2024-04-08,20.0,10.0,Moving_Average_8W,10.0,50.0
40AD02WC301,2024-04-15,4.0,10.0,Moving_Average_8W,6.0,150.0
40AD02WC301,2024-04-22,8.0,10.0,Moving_Average_8W,2.0,25.0
40AD02WC301,2024-04-29,2.0,10.0,Moving_Average_8W,8.0,400.0
40AD02WC501,2024-02-05,2.0,10.12,Moving_Average_8W,8.125,406.25
40AD02WC501,2024-02-12,7.0,10.12,Moving_Average_8W,3.125,44.642857142857146
40AD02WC501,2024-02-19,5.0,10.12,Moving_Average_8W,5.125,102.49999999999999
40AD02WC501,2024-02-26,6.0,10.12,Moving_Average_8W,4.125,68.75
40AD02WC501,2024-03-04,2.0,10.12,Moving_Average_8W,8.125,406.25
40AD02WC501,2024-03-11,5.0,10.12,Moving_Average_8W,5.125,102.49999999999999
40AD02WC501,2024-03-18,1.0,10.12,Moving_Average_8W,9.125,912.5
40AD02WC501,2024-04-01,1.0,10.12,Moving_Average_8W,9.125,912.5
40AD02WC501,2024-04-08,1.0,10.12,Moving_Average_8W,9.125,912.5
40AD02WC501,2024-04-15,1.0,10.12,Moving_Average_8W,9.125,912.5
40AD100MN01,2024-02-12,1.0,1.5,Moving_Average_8W,0.5,50.0
40AD100MN01,2024-04-08,1.0,1.5,Moving_Average_8W,0.5,50.0
40AD200WC301,2024-02-05,15.0,14.12,Moving_Average_8W,0.875,5.833333333333333
40AD200WC301,2024-02-12,23.0,14.12,Moving_Average_8W,8.875,38.58695652173913
40AD200WC301,2024-02-19,32.0,14.12,Moving_Average_8W,17.875,55.859375
40AD200WC301,2024-02-26,16.0,14.12,Moving_Average_8W,1.875,11.71875
40AD200WC301,2024-03-04,11.0,14.12,Moving_Average_8W,3.125,28.40909090909091
40AD200WC301,2024-03-11,42.0,14.12,Moving_Average_8W,27.875,66.36904761904762
40AD200WC301,2024-03-18,22.0,14.12,Moving_Average_8W,7.875,35.79545454545455
40AD200WC301,2024-03-25,25.0,14.12,Moving_Average_8W,10.875,43.5
40AD200WC301,2024-04-01,36.0,14.12,Moving_Average_8W,21.875,60.763888888888886
40AD200WC301,2024-04-08,26.0,14.12,Moving_Average_8W,11.875,45.67307692307692
40AD200WC301,2024-04-15,5.0,14.12,Moving_Average_8W,9.125,182.5
40AD200WC301,2024-04-22,18.0,14.12,Moving_Average_8W,3.875,21.52777777777778
40AD200WC301,2024-04-29,3.0,14.12,Moving_Average_8W,11.125,370.83333333333337
40AD300MN01,2024-02-12,1.0,1.75,Moving_Average_8W,0.75,75.0
40AD300MN01,2024-02-26,1.0,1.75,Moving_Average_8W,0.75,75.0
40AD300MN01,2024-03-04,4.0,1.75,Moving_Average_8W,2.25,56.25
40AD300MN01,2024-03-18,1.0,1.75,Moving_Average_8W,0.75,75.0
40AD300MN01,2024-04-01,1.0,1.75,Moving_Average_8W,0.75,75.0
40AD300MN01,2024-04-08,3.0,1.75,Moving_Average_8W,1.25,41.66666666666667
90AD01AC01,2024-02-12,1.0,3.5,Moving_Average_8W,2.5,250.0
90AD01AC01,2024-02-26,3.0,3.5,Moving_Average_8W,0.5,16.666666666666664
90AD01AC01,2024-03-25,2.0,3.5,Moving_Average_8W,1.5,75.0
90AD01AD01-HD,2024-02-05,1.0,2.75,Moving_Average_8W,1.75,175.0
90AD01AD01-HD,2024-02-19,1.0,2.75,Moving_Average_8W,1.75,175.0
90AD01AD01-HD,2024-04-01,1.0,2.75,Moving_Average_8W,1.75,175.0
90AD01AD01-HD,2024-04-22,1.0,2.75,Moving_Average_8W,1.75,175.0
90AD01AT01-W,2024-02-05,142.0,142.75,Moving_Average_8W,0.75,0.528169014084507
90AD01AT01-W,2024-02-12,144.0,142.75,Moving_Average_8W,1.25,0.8680555555555556
90AD01AT01-W,2024-02-19,153.0,142.75,Moving_Average_8W,10.25,6.699346405228758
90AD01AT01-W,2024-02-26,101.0,142.75,Moving_Average_8W,41.75,41.336633663366335
90AD01AT01-W,2024-03-04,125.0,142.75,Moving_Average_8W,17.75,14.2
90AD01AT01-W,2024-03-11,145.0,142.75,Moving_Average_8W,2.25,1.5517241379310345
90AD01AT01-W,2024-03-18,277.0,142.75,Moving_Average_8W,134.25,48.46570397111913
90AD01AT01-W,2024-03-25,183.0,142.75,Moving_Average_8W,40.25,21.994535519125684
90AD01AT01-W,2024-04-01,270.0,142.75,Moving_Average_8W,127.25,47.129629629629626
90AD01AT01-W,2024-04-08,139.0,142.75,Moving_Average_8W,3.75,2.697841726618705
90AD01AT01-W,2024-04-15,82.0,142.75,Moving_Average_8W,60.75,74.08536585365853
90AD01AT01-W,2024-04-22,82.0,142.75,Moving_Average_8W,60.75,74.08536585365853
90AD01AT01-W,2024-04-29,10.0,142.75,Moving_Average_8W,132.75,1327.5
90AD02AC01,2024-02-05,1.0,1.38,Moving_Average_8W,0.375,37.5
90AD200AD01,2024-02-05,125.0,182.0,Moving_Average_8W,57.0,45.6
90AD200AD01,2024-02-12,169.0,182.0,Moving_Average_8W,13.0,7.6923076923076925
90AD200AD01,2024-02-19,199.0,182.0,Moving_Average_8W,17.0,8.542713567839195
90AD200AD01,2024-02-26,164.0,182.0,Moving_Average_8W,18.0,10.975609756097562
90AD200AD01,2024-03-04,150.0,182.0,Moving_Average_8W,32.0,21.333333333333336
90AD200AD01,2024-03-11,156.0,182.0,Moving_Average_8W,26.0,16.666666666666664
90AD200AD01,2024-03-18,404.0,182.0,Moving_Average_8W,222.0,54.95049504950495
90AD200AD01,2024-03-25,318.0,182.0,Moving_Average_8W,136.0,42.76729559748428
90AD200AD01,2024-04-01,389.0,182.0,Moving_Average_8W,207.0,53.213367609254504
90AD200AD01,2024-04-08,241.0,182.0,Moving_Average_8W,59.0,24.481327800829874
90AD200AD01,2024-04-15,152.0,182.0,Moving_Average_8W,30.0,19.736842105263158
90AD200AD01,2024-04-22,146.0,182.0,Moving_Average_8W,36.0,24.65753424657534
90AD200AD01,2024-04-29,27.0,182.0,Moving_Average_8W,155.0,574.074074074074
90AD350AD01,2024-02-05,370.0,453.25,Moving_Average_8W,83.25,22.5
90AD350AD01,2024-02-12,418.0,453.25,Moving_Average_8W,35.25,8.433014354066986
90AD350AD01,2024-02-19,465.0,453.25,Moving_Average_8W,11.75,2.5268817204301075
90AD350AD01,2024-02-26,551.0,453.25,Moving_Average_8W,97.75,17.740471869328495
90AD350AD01,2024-03-04,423.0,453.25,Moving_Average_8W,30.25,7.15130023640662
90AD350AD01,2024-03-11,419.0,453.25,Moving_Average_8W,34.25,8.174224343675418
90AD350AD01,2024-03-18,1112.0,453.25,Moving_Average_8W,658.75,59.24010791366906
90AD350AD01,2024-03-25,879.0,453.25,Moving_Average_8W,425.75,48.43572241183163
90AD350AD01,2024-04-01,1164.0,453.25,Moving_Average_8W,710.75,61.06099656357389
90AD350AD01,2024-04-08,690.0,453.25,Moving_Average_8W,236.75,34.31159420289855
90AD350AD01,2024-04-15,475.0,453.25,Moving_Average_8W,21.75,4.578947368421052
90AD350AD01,2024-04-22,520.0,453.25,Moving_Average_8W,66.75,12.83653846153846
90AD350AD01,2024-04-29,61.0,453.25,Moving_Average_8W,392.25,643.032786885246
90AD550AD01,2024-02-05,70.0,101.75,Moving_Average_8W,31.75,45.357142857142854
90AD550AD01,2024-02-12,62.0,101.75,Moving_Average_8W,39.75,64.11290322580645
90AD550AD01,2024-02-19,76.0,101.75,Moving_Average_8W,25.75,33.881578947368425
90AD550AD01,2024-02-26,94.0,101.75,Moving_Average_8W,7.75,8.24468085106383
90AD550AD01,2024-03-04,78.0,101.75,Moving_Average_8W,23.75,30.448717948717945
90AD550AD01,2024-03-11,66.0,101.75,Moving_Average_8W,35.75,54.166666666666664
90AD550AD01,2024-03-18,101.0,101.75,Moving_Average_8W,0.75,0.7425742574257426
90AD550AD01,2024-03-25,102.0,101.75,Moving_Average_8W,0.25,0.24509803921568626
90AD550AD01,2024-04-01,126.0,101.75,Moving_Average_8W,24.25,19.246031746031747
90AD550AD01,2024-04-08,78.0,101.75,Moving_Average_8W,23.75,30.448717948717945
90AD550AD01,2024-04-15,91.0,101.75,Moving_Average_8W,10.75,11.813186813186812
90AD550AD01,2024-04-22,88.0,101.75,Moving_Average_8W,13.75,15.625
90AD550AD01,2024-04-29,12.0,101.75,Moving_Average_8W,89.75,747.9166666666667
